{"bed_focus" : 198.18024587522453,
 "transform" : [[ 0.04823735, -0.0012778 ],[-0.00048284, -0.04863892]],
 "scaling_range" : [0.04800081939773139, 0.04889144831400348],
 "rotation" : 57.87960289257677
}
