{"bed_focus": 55.0, "transform": [[0.16448983825363048, 0.4177626304916463], [-1.064425426430006, 0.0245364374275141], [-0.9383172806196726, 0.41351244719319147], [0.44440922364483526, 68.43971245075038], [-91.6148869546497, 0.34813814178791525]], "resolution": [1648, 1232], "scale": [0.05555138036135533, 0.05559326389042374]}